{
  "meta": {
    "format_version": "5.0",
    "model_format": "free",
    "box_uv": false
  },

  "name": "tail",

  "resolution": {
    "width": 32,
    "height": 32
  },

  "elements": [
    {
      "name": "cube_0",
      "from": [-1,13,-4],
      "to": [1,15,-2],
      "origin": [0,13,-3],
      "rotation": [17.5,0,0],
      "uuid": "cube0"
    },
    {
      "name": "cube_1",
      "from": [-1,15.59501,-9.23033],
      "to": [1,17.59501,-6.23033],
      "origin": [0,15.59501,-7.23033],
      "rotation": [35,0,0],
      "uuid": "cube1"
    }
  ],

  "outliner": [
    {
      "name": "tail",
      "children": ["cube0","cube1"]
    }
  ],

  "animations": [
    {
      "name": "tail_loop",
      "length": 1.5,
      "loop": "loop",
      "animators": {
        "cube0": {
          "rotation": {
            "0": [17.5,0,0],
            "0.75": [30,5,0],
            "1.5": [17.5,0,0]
          }
        },
        "cube1": {
          "rotation": {
            "0": [35,0,0],
            "0.75": [55,10,0],
            "1.5": [35,0,0]
          }
        }
      }
    }
  ]
}