{
  "elements": [
    {
      "name": "cube",
      "box_uv": false,
      "render_order": "default",
      "rescale": false,
      "locked": false,
      "shade": true,
      "light_emission": 0,
      "allow_mirror_modeling": true,
      "from": [
        1.025,
        1.85,
        0.9
      ],
      "to": [
        13.95,
        7,
        13.8
      ],
      "autouv": 0,
      "color": 6,
      "origin": [
        6.075,
        1,
        6.225
      ],
      "faces": {
        "north": {
          "uv": [
            68,
            13,
            80.875,
            18.125
          ],
          "texture": 2
        },
        "east": {
          "uv": [
            68,
            19,
            80.875,
            24.125
          ],
          "texture": 2
        },
        "south": {
          "uv": [
            60,
            68,
            72.875,
            73.125
          ],
          "texture": 2
        },
        "west": {
          "uv": [
            70,
            0,
            82.875,
            5.125
          ],
          "texture": 2
        },
        "up": {
          "uv": [
            38.875,
            60.875,
            26,
            48
          ],
          "texture": 2
        },
        "down": {
          "uv": [
            51.875,
            48,
            39,
            60.875
          ],
          "texture": 2
        }
      },
      "type": "cube",
      "uuid": "922c56e9-7e37-0b6a-2a0f-11ac611144b3"
    },
    {
      "name": "cube",
      "box_uv": false,
      "render_order": "default",
      "rescale": false,
      "locked": false,
      "shade": true,
      "light_emission": 0,
      "allow_mirror_modeling": true,
      "from": [
        1.025,
        10.925,
        1.15
      ],
      "to": [
        13.95,
        16.075,
        13.85
      ],
      "autouv": 0,
      "color": 6,
      "origin": [
        6.075,
        14.075,
        7.225
      ],
      "faces": {
        "north": {
          "uv": [
            70,
            6,
            82.875,
            11.125
          ],
          "texture": 2
        },
        "east": {
          "uv": [
            32,
            74,
            44.75,
            79.125
          ],
          "texture": 2
        },
        "south": {
          "uv": [
            73,
            55,
            85.875,
            60.125
          ],
          "texture": 2
        },
        "west": {
          "uv": [
            60,
            74,
            72.75,
            79.125
          ],
          "texture": 2
        },
        "up": {
          "uv": [
            12.875,
            61.75,
            0,
            49
          ],
          "texture": 2
        },
        "down": {
          "uv": [
            25.875,
            49,
            13,
            61.75
          ],
          "texture": 2
        }
      },
      "type": "cube",
      "uuid": "dfb4a5b0-47d4-9d47-c74c-9cfeb40a5fe1"
    },
    {
      "name": "cube",
      "box_uv": false,
      "render_order": "default",
      "rescale": false,
      "locked": false,
      "shade": true,
      "light_emission": 0,
      "allow_mirror_modeling": true,
      "from": [
        1.025,
        2.75,
        -0.025
      ],
      "to": [
        13.95,
        15.45,
        5.125
      ],
      "autouv": 0,
      "color": 6,
      "origin": [
        6.075,
        8.825,
        1.975
      ],
      "faces": {
        "north": {
          "uv": [
            52,
            26,
            64.875,
            38.75
          ],
          "texture": 2
        },
        "east": {
          "uv": [
            45,
            74,
            50.125,
            86.75
          ],
          "texture": 2
        },
        "south": {
          "uv": [
            52,
            39,
            64.875,
            51.75
          ],
          "texture": 2
        },
        "west": {
          "uv": [
            0,
            75,
            5.125,
            87.75
          ],
          "texture": 2
        },
        "up": {
          "uv": [
            85.875,
            66.125,
            73,
            61
          ],
          "texture": 2
        },
        "down": {
          "uv": [
            85.875,
            67,
            73,
            72.125
          ],
          "texture": 2
        }
      },
      "type": "cube",
      "uuid": "24131aaf-7387-04c8-45c6-da542fab2c70"
    },
    {
      "name": "cube",
      "box_uv": false,
      "render_order": "default",
      "rescale": false,
      "locked": false,
      "shade": true,
      "light_emission": 0,
      "allow_mirror_modeling": true,
      "from": [
        1.025,
        2.75,
        7.8
      ],
      "to": [
        13.95,
        15.45,
        14.95
      ],
      "autouv": 0,
      "color": 6,
      "origin": [
        6.075,
        8.825,
        15.8
      ],
      "faces": {
        "north": {
          "uv": [
            52,
            52,
            64.875,
            64.75
          ],
          "texture": 2
        },
        "east": {
          "uv": [
            52,
            65,
            59.125,
            77.75
          ],
          "texture": 2
        },
        "south": {
          "uv": [
            26,
            61,
            38.875,
            73.75
          ],
          "texture": 2
        },
        "west": {
          "uv": [
            65,
            55,
            72.125,
            67.75
          ],
          "texture": 2
        },
        "up": {
          "uv": [
            77.875,
            46.125,
            65,
            39
          ],
          "texture": 2
        },
        "down": {
          "uv": [
            77.875,
            47,
            65,
            54.125
          ],
          "texture": 2
        }
      },
      "type": "cube",
      "uuid": "703eedfd-ca9a-2752-e2cb-dd5dfb225491"
    },
    {
      "name": "cube",
      "box_uv": true,
      "render_order": "default",
      "rescale": false,
      "locked": false,
      "shade": true,
      "light_emission": 0,
      "allow_mirror_modeling": true,
      "from": [
        1.975,
        3.875,
        14.275
      ],
      "to": [
        13.05,
        14.9,
        16.275
      ],
      "autouv": 0,
      "color": 3,
      "origin": [
        5.525,
        8.4,
        14.275
      ],
      "uv_offset": [
        42,
        13
      ],
      "faces": {
        "north": {
          "uv": [
            44,
            15,
            55,
            26
          ],
          "texture": 2
        },
        "east": {
          "uv": [
            42,
            15,
            44,
            26
          ],
          "texture": 2
        },
        "south": {
          "uv": [
            57,
            15,
            68,
            26
          ],
          "texture": 2
        },
        "west": {
          "uv": [
            55,
            15,
            57,
            26
          ],
          "texture": 2
        },
        "up": {
          "uv": [
            55,
            15,
            44,
            13
          ],
          "texture": 2
        },
        "down": {
          "uv": [
            66,
            13,
            55,
            15
          ],
          "texture": 2
        }
      },
      "type": "cube",
      "uuid": "4eaf800a-0e6b-7505-9347-98987731c9b6"
    },
    {
      "name": "cube",
      "box_uv": true,
      "render_order": "default",
      "rescale": false,
      "locked": false,
      "shade": true,
      "light_emission": 0,
      "allow_mirror_modeling": true,
      "from": [
        1.975,
        3.875,
        -1.025
      ],
      "to": [
        13.05,
        14.9,
        0.975
      ],
      "autouv": 0,
      "color": 3,
      "origin": [
        5.525,
        8.4,
        -1.025
      ],
      "uv_offset": [
        44,
        0
      ],
      "faces": {
        "north": {
          "uv": [
            46,
            2,
            57,
            13
          ],
          "texture": 2
        },
        "east": {
          "uv": [
            44,
            2,
            46,
            13
          ],
          "texture": 2
        },
        "south": {
          "uv": [
            59,
            2,
            70,
            13
          ],
          "texture": 2
        },
        "west": {
          "uv": [
            57,
            2,
            59,
            13
          ],
          "texture": 2
        },
        "up": {
          "uv": [
            57,
            2,
            46,
            0
          ],
          "texture": 2
        },
        "down": {
          "uv": [
            68,
            0,
            57,
            2
          ],
          "texture": 2
        }
      },
      "type": "cube",
      "uuid": "384e5e34-54a2-fe73-eeae-f45e54e0aae2"
    },
    {
      "name": "cube",
      "box_uv": true,
      "render_order": "default",
      "rescale": false,
      "locked": false,
      "shade": true,
      "light_emission": 0,
      "allow_mirror_modeling": true,
      "from": [
        -1.025,
        3.875,
        1.9
      ],
      "to": [
        0.975,
        14.9,
        12.975
      ],
      "autouv": 0,
      "color": 3,
      "origin": [
        0.975,
        8.4,
        5.325
      ],
      "uv_offset": [
        0,
        27
      ],
      "faces": {
        "north": {
          "uv": [
            11,
            38,
            13,
            49
          ],
          "texture": 2
        },
        "east": {
          "uv": [
            0,
            38,
            11,
            49
          ],
          "texture": 2
        },
        "south": {
          "uv": [
            24,
            38,
            26,
            49
          ],
          "texture": 2
        },
        "west": {
          "uv": [
            13,
            38,
            24,
            49
          ],
          "texture": 2
        },
        "up": {
          "uv": [
            13,
            38,
            11,
            27
          ],
          "texture": 2
        },
        "down": {
          "uv": [
            15,
            27,
            13,
            38
          ],
          "texture": 2
        }
      },
      "type": "cube",
      "uuid": "9a3f00b4-cbce-bc44-a3e6-3fcc4f5e8010"
    }
  ]
}
