{
  "parent": "block/block",
  "ambientocclusion": true,
  "textures": {
    "0": "SEU_MODID:block/namek_grass"
  },
  "elements": [
    {
      "from": [0, 0, 0],
      "to": [16, 16, 16],
      "faces": {
        "north": {
          "uv": [4, 4, 8, 8],
          "texture": "#0",
          "cullface": "north"
        },
        "east": {
          "uv": [0, 4, 4, 8],
          "texture": "#0",
          "cullface": "east"
        },
        "south": {
          "uv": [12, 4, 16, 8],
          "texture": "#0",
          "cullface": "south"
        },
        "west": {
          "uv": [8, 4, 12, 8],
          "texture": "#0",
          "cullface": "west"
        },
        "up": {
          "uv": [8, 4, 4, 0],
          "texture": "#0",
          "cullface": "up",
          "tintindex": 0
        },
        "down": {
          "uv": [12, 0, 8, 4],
          "texture": "#0",
          "cullface": "down"
        }
      }
    }
  ]
}